width,height,eye_delta,eye_length,nose_length,nose_width,mouth_delta,mouth_length
167,125,16,19,39,8,8
163,148,15,17,29,18,5
122,198,13,16,33,7,5
154,115,23,19,23,16,12
125,148,21,24,37,18,10
196,168,16,25,42,15,7
115,118,15,26,37,17,6
189,196,20,20,37,5,12
114,159,9,22,26,13,9
115,148,10,15,24,18,8
128,142,8,26,33,8,9
136,120,17,26,21,5,6
158,196,17,21,24,18,3
123,148,15,24,27,16,10
148,158,8,23,38,10,5
131,119,8,27,22,7,6
185,174,18,27,38,11,10
163,155,11,24,34,18,12
153,208,16,22,21,13,10
147,136,15,28,30,18,3
170,142,21,23,38,7,7
134,182,17,27,37,7,10
131,119,15,22,35,5,11
182,208,17,15,23,13,3
173,127,19,22,43,11,6
171,170,12,28,36,5,8
105,161,20,26,44,18,11
143,208,7,16,27,17,11
171,199,21,23,23,16,9
137,179,13,15,25,11,5
118,132,11,24,23,8,8
163,110,18,15,20,16,11
197,181,24,16,25,9,6
145,154,11,16,20,15,8
114,181,9,26,33,11,4
198,176,20,21,23,11,3
100,157,10,19,38,5,5
139,207,12,22,39,18,4
113,132,20,20,37,6,5
177,139,24,27,42,11,6
199,172,19,25,41,16,6
112,169,19,28,36,9,4
150,149,12,16,32,16,10
125,110,18,21,24,14,6
101,124,14,28,27,19,10
184,111,15,23,33,10,4
196,166,7,29,37,16,12
134,167,10,29,44,11,10
177,175,10,19,38,5,8
175,168,19,23,36,18,5
136,119,14,18,22,17,5
160,176,20,26,36,17,3
177,192,18,17,43,6,3
113,188,18,20,34,15,3
118,189,19,20,35,16,6
188,167,13,29,42,10,6
109,191,14,22,28,16,5
134,156,18,20,31,18,7
113,208,17,15,31,10,6
168,202,21,17,43,8,5
172,119,17,20,32,9,7
112,133,9,18,22,16,8
134,177,8,15,28,16,12
176,174,22,27,35,5,8
134,139,17,26,41,7,3
188,188,13,25,44,7,6
137,128,16,27,21,11,5
131,170,18,23,44,17,9
161,178,15,23,39,13,5
127,163,19,27,43,8,8
180,132,18,23,31,13,6
101,200,19,21,38,14,3
108,206,21,20,23,13,11
192,201,20,25,32,19,3
113,203,24,16,38,5,9
184,198,9,19,44,15,11
179,125,10,23,24,16,8
113,161,11,16,30,6,7
157,198,12,21,22,17,12
131,139,16,27,30,11,5
178,187,7,24,25,11,5
144,185,12,19,39,7,5
102,142,24,29,26,7,12
126,201,8,28,23,8,7
118,191,17,20,39,14,3
147,197,10,28,31,14,6
166,117,11,16,40,8,12
113,207,18,20,36,15,4
104,145,22,18,36,5,6
196,180,17,28,23,11,9
166,168,7,29,41,19,8
131,115,7,16,30,7,3
105,154,9,29,40,10,10
157,201,20,24,37,14,9
174,164,16,24,44,19,5
114,162,11,24,29,12,4
125,200,10,15,41,6,3
102,112,15,29,41,14,3
160,157,7,29,34,9,9
176,124,17,19,21,10,5
166,202,20,17,38,9,7
120,191,12,28,29,9,12
186,198,8,17,21,13,8
117,152,23,17,41,8,9
101,185,10,18,38,15,4
131,178,19,25,42,19,8
128,184,24,17,37,9,3
165,166,9,21,32,13,11
172,178,23,29,43,14,5
128,126,8,20,35,11,12
198,158,22,26,34,8,6
133,160,24,19,21,18,8
135,171,16,25,25,10,5
148,169,12,20,21,15,12
171,171,9,24,37,18,8
126,142,8,25,33,19,11
132,159,13,18,23,10,12
143,134,19,29,30,11,4
106,203,22,22,26,5,5
148,114,8,20,32,16,11
136,198,14,20,43,7,4
126,126,19,29,33,11,10
109,176,12,19,30,7,11
181,173,23,28,31,11,11
102,138,20,16,20,9,7
101,127,20,15,40,15,4
178,130,21,23,37,7,3
178,137,20,22,37,11,5
166,175,12,23,43,9,10
185,181,22,19,27,8,4
190,172,15,25,27,18,9
188,172,12,24,26,8,9
124,174,10,16,21,13,3
168,173,21,19,20,9,11
131,181,16,15,29,13,11
174,124,20,27,29,5,3
137,184,13,29,39,9,6
176,184,20,29,27,6,10
159,196,14,29,37,14,10
156,163,8,28,24,15,11
144,197,12,28,40,11,8
190,192,15,20,36,6,11
149,163,19,21,27,6,6
185,135,19,22,20,18,12
103,201,15,17,23,13,8
124,113,16,29,43,6,8
130,171,24,20,24,10,7
161,145,17,21,43,16,6
138,123,22,22,43,12,3
118,185,20,16,39,16,12
168,125,19,18,38,6,7
179,190,7,24,22,14,8
187,202,8,29,34,8,11
151,129,22,28,40,5,4
130,195,14,19,34,7,10
155,136,23,24,44,9,7
197,164,13,17,22,6,12
135,195,9,16,26,17,5
130,187,24,23,30,6,9
192,136,20,19,29,12,9
175,125,13,15,43,16,7
135,206,12,29,29,7,5
102,151,9,29,34,14,5
147,201,17,17,26,8,4
147,205,18,15,36,7,8
154,186,22,18,32,11,5
172,177,9,21,41,6,9
108,142,16,18,31,13,4
104,177,16,17,33,8,9
183,137,12,21,33,7,4
108,134,11,15,23,14,4
153,154,23,22,44,12,8
180,119,21,25,33,19,9
136,145,8,18,32,15,3
163,138,24,15,36,10,5
173,139,14,28,39,16,9
161,161,14,22,43,18,5
124,174,10,22,43,10,7
153,193,12,19,31,6,4
175,113,9,16,24,12,9
176,170,11,19,27,16,12
190,176,8,15,22,19,5
168,134,14,24,44,12,7
191,141,14,29,20,7,10
127,205,16,27,26,9,8
184,132,18,26,30,6,9
113,144,8,20,27,7,8
118,207,22,21,26,18,9
134,174,11,22,33,9,10
105,186,9,20,28,15,9
149,159,24,17,33,5,6
120,139,13,27,23,12,5
172,112,16,26,40,12,8
113,173,7,15,38,19,12
188,172,17,17,40,14,4
190,118,12,22,40,15,6
104,174,15,24,28,9,8
100,163,24,23,30,5,7
130,138,22,23,37,9,5
117,183,22,15,42,15,3
147,183,13,28,25,6,8
103,167,7,19,34,14,6
116,191,19,15,27,16,4
148,150,19,26,39,19,11
181,181,7,17,21,10,6
137,160,21,18,29,15,7
187,145,8,22,29,15,3
192,111,12,20,43,8,10
197,195,24,19,34,6,12
189,119,18,22,37,15,3
170,170,13,24,23,13,4
120,205,8,24,20,8,6
136,191,13,18,24,17,9
117,124,18,29,34,16,8
110,157,13,22,38,7,3
168,114,20,15,26,12,3
133,205,21,17,27,14,7
178,169,11,23,30,16,10
174,117,14,17,34,11,12
165,161,12,28,40,10,7
141,194,19,24,43,19,4
129,164,24,16,36,12,10
144,199,16,28,36,14,6
190,133,23,29,42,9,12
140,146,23,29,36,11,3
179,192,21,28,36,10,5
197,191,11,25,27,19,6
158,115,21,21,29,16,3
101,126,9,28,28,9,11
198,187,11,29,43,12,9
136,192,12,23,44,10,5
124,207,18,22,36,12,10
179,163,9,24,43,18,4
118,118,20,16,37,7,4
161,190,9,16,23,14,10
176,168,13,26,26,17,10
109,175,17,18,24,8,7
158,191,21,20,36,8,7
178,122,24,17,31,10,11
131,118,9,25,23,19,6
115,158,22,16,43,18,10
197,136,12,28,24,5,9
165,188,19,25,37,19,6
107,140,9,20,32,14,6
186,129,20,27,27,19,10
198,150,7,22,44,15,9
164,178,20,20,27,14,5
127,125,14,18,29,9,3
165,202,18,29,39,6,5
128,172,13,27,34,6,9
133,185,13,29,40,5,8
194,195,23,19,24,9,11
175,111,11,18,35,12,11
146,191,15,25,28,19,5
156,162,7,16,36,6,12
156,139,21,27,34,5,8
105,163,11,29,22,17,12
185,184,7,20,38,19,11
133,204,20,16,31,17,12
184,121,17,16,27,11,6
158,159,22,28,42,6,8
192,177,15,17,39,16,12
134,171,19,24,33,14,6
132,203,9,24,35,15,9
167,198,21,26,42,7,10
131,161,16,28,22,19,12
168,174,20,18,34,9,11
137,139,22,20,35,14,3
143,166,21,21,38,7,9
175,185,11,24,22,18,6
173,113,21,20,38,13,3
114,149,9,25,36,9,4
198,115,12,15,36,13,8
102,122,17,21,39,9,3
145,191,13,16,31,5,5
184,133,12,27,20,7,6
128,193,12,17,33,18,9
119,155,13,18,30,9,6
158,187,14,26,23,15,5
156,142,23,24,38,12,5
112,160,15,28,29,10,9
169,209,19,29,36,10,9
194,198,7,27,41,10,8
168,153,23,15,38,7,3
167,155,9,26,32,17,7
177,181,16,24,28,5,11
130,190,15,28,41,9,7
141,139,9,29,39,7,11
131,114,11,19,42,9,4
150,112,15,16,21,11,4
137,158,22,17,32,16,5
123,187,15,15,28,16,9
120,136,13,20,38,13,11
160,149,16,24,36,19,8
103,193,23,19,30,19,6
138,163,8,21,35,15,6
131,143,8,29,41,19,5
171,124,17,21,23,6,9
129,197,14,20,31,18,9
104,205,24,24,38,11,10
111,144,11,15,24,8,10
140,154,17,29,20,7,4
150,194,9,28,30,10,9
190,151,23,22,21,19,5
118,159,8,16,34,17,11
115,119,18,26,28,11,5
188,120,9,16,20,14,11
133,204,21,24,24,8,4
124,160,12,21,23,16,6
192,124,7,22,44,12,9
143,120,23,25,33,12,6
182,178,11,18,22,13,12
103,156,23,28,20,5,8
134,135,11,24,24,9,10
119,142,15,20,22,13,7
186,155,8,17,42,11,6
154,164,15,17,22,11,4
119,145,24,27,20,7,12
110,189,18,16,42,13,10
157,161,20,24,44,7,10
184,144,15,15,23,7,10
115,160,11,18,25,17,8
121,110,21,27,36,14,7
130,171,12,18,32,19,3
144,139,7,22,32,9,8
171,120,22,24,34,14,5
149,181,23,19,34,5,9
137,174,17,20,32,18,9
102,208,21,15,44,7,7
101,176,19,23,21,13,9
120,164,14,20,25,13,5
156,161,16,23,24,7,7
103,191,20,15,32,13,4
150,196,23,29,40,16,11
193,138,16,29,35,7,10
111,158,19,27,43,11,8
141,183,9,20,37,19,9
188,191,16,19,35,15,4
175,156,14,17,22,8,6
195,134,18,29,31,18,4
170,117,11,20,34,12,11
162,113,8,19,26,9,5
172,190,12,20,43,7,8
146,198,8,21,37,6,9
101,159,9,19,38,11,7
185,167,8,25,34,7,9
169,112,8,21,33,10,9
199,204,16,29,38,18,6
137,151,21,26,33,5,3
170,171,24,15,37,6,9
106,178,20,19,38,18,4
199,171,11,26,21,8,5
157,186,19,21,42,10,8
116,148,22,18,22,14,12
183,172,22,28,32,13,4
101,179,19,29,40,19,8
169,186,22,23,31,14,4
136,120,17,21,25,5,12
170,146,10,22,20,19,9
118,121,8,27,39,15,6
133,200,9,15,21,19,8
195,180,17,16,34,11,9
159,176,9,21,42,19,12
116,115,21,29,30,7,12
106,140,14,15,26,8,11
162,133,21,21,23,5,9
130,169,22,15,42,15,11
122,134,22,19,34,16,6
161,117,14,25,42,9,4
134,208,17,15,34,5,4
124,173,22,23,33,6,7
197,126,13,18,40,5,3
142,184,15,17,40,16,8
176,128,8,29,33,6,11
181,129,8,25,39,5,6
198,120,22,27,22,16,8
135,174,17,20,30,9,12
116,170,15,28,31,15,12
176,194,18,29,34,9,10
148,191,21,22,33,12,9
111,172,19,28,39,7,3
177,177,19,29,27,11,6
197,117,19,20,31,13,9
106,143,8,22,22,14,9
129,150,8,21,27,6,5
175,153,14,19,28,14,4
126,166,16,17,34,11,4
112,117,18,15,31,10,7
105,148,17,19,41,12,11
155,133,16,24,21,9,6
194,148,23,15,25,15,10
177,115,13,22,41,11,12
141,192,14,29,33,7,4
176,200,23,29,42,11,3
176,150,20,25,22,11,5
199,159,12,27,26,14,3
114,118,10,18,20,7,10
112,173,23,28,38,8,12
116,190,7,21,34,16,7
118,153,15,23,29,7,4
159,170,14,15,31,18,11
105,159,21,20,31,16,11
180,192,15,16,30,11,7
176,154,15,27,25,10,12
149,123,10,27,41,17,10
145,136,9,23,27,8,6
135,209,22,19,34,18,7
107,148,17,15,32,13,10
106,144,23,26,21,17,10
142,156,13,16,31,13,5
168,169,16,23,24,16,11
192,155,13,21,38,15,5
120,128,10,23,22,15,12
179,158,17,16,25,9,11
130,192,18,15,36,15,8
158,145,8,29,37,16,6
106,156,16,24,27,13,11
181,130,12,17,20,12,6
100,128,12,22,42,7,7
123,115,17,20,30,16,8
137,192,15,25,29,13,11
192,147,13,27,38,11,5
131,183,23,17,42,19,6
120,110,21,17,36,14,5
176,146,17,23,23,17,3
151,187,9,15,28,7,10
117,122,12,21,38,11,9
147,128,10,18,36,13,6
140,112,7,19,44,17,8
136,124,21,24,20,10,3
174,146,10,20,28,16,11
171,201,7,24,42,8,8
128,198,13,25,24,18,6
162,172,15,25,28,6,7
183,138,23,19,22,13,9
194,150,11,19,31,18,4
155,172,17,23,28,8,11
108,197,13,23,28,6,6
196,117,16,25,44,18,7
198,126,24,15,44,14,7
125,110,10,20,25,12,11
121,151,24,18,24,12,7
123,151,18,20,32,11,7
154,192,20,17,34,18,11
189,190,20,19,39,6,11
116,167,24,28,42,13,11
182,180,14,24,29,13,7
175,201,7,23,29,19,11
137,209,13,23,30,17,3
120,180,14,20,21,5,5
184,111,17,18,39,5,6
126,201,17,16,27,6,3
102,206,24,27,27,18,7
178,209,17,16,24,17,4
138,138,19,22,21,18,8
113,166,15,25,32,9,7
112,114,8,16,31,9,6
129,155,24,23,36,14,6
196,132,17,23,33,16,8
118,169,22,18,41,6,11
163,162,11,26,44,6,10
106,188,15,18,40,16,5
113,148,17,28,31,11,4
137,120,12,27,26,11,8
174,136,17,18,42,19,4
157,203,7,16,29,9,7
199,142,23,29,23,14,10
170,179,24,20,41,14,11
151,149,15,22,36,18,8
104,160,10,19,44,6,12
198,203,19,16,41,6,6
154,137,10,18,30,5,5
158,161,8,25,21,7,7
129,164,8,16,38,14,7
124,149,13,29,34,11,10
125,153,17,22,23,13,12
154,207,19,26,31,12,5
103,158,7,23,31,7,3
151,141,18,27,40,13,10
120,124,23,15,24,8,6
134,161,18,17,39,11,4
157,166,11,18,31,8,3
101,189,22,27,43,16,7
127,118,17,15,39,18,10
131,179,21,27,25,14,8
126,135,8,25,40,12,10
136,136,13,28,28,16,9
149,118,12,26,29,10,3
107,208,20,19,29,12,5
173,126,8,22,24,6,5
157,122,23,17,33,18,5
150,203,20,18,39,17,9
183,165,20,23,39,13,11
133,172,11,17,40,16,10
140,192,13,22,21,11,7
142,150,17,27,41,14,11
109,132,12,22,38,12,8
126,184,16,22,43,13,8
175,192,23,17,36,11,6
165,180,14,28,36,17,10
101,185,24,22,22,14,9
180,126,7,17,35,6,7
161,203,18,19,38,5,10
159,168,23,27,34,18,5
149,160,21,27,34,19,5
122,166,21,18,31,13,10
113,138,19,25,44,15,7
188,171,13,20,24,15,11
148,131,9,15,39,18,4
154,207,21,18,34,6,10
135,126,11,29,43,18,10
124,202,18,25,38,12,6
189,169,16,15,41,19,5
151,188,7,27,44,16,4
132,177,11,23,32,16,4
119,117,15,22,26,6,10
194,175,19,20,40,19,6
102,177,18,29,33,19,4
121,175,19,27,28,14,11
128,182,13,22,37,19,9
122,184,16,26,44,5,7
128,131,16,27,41,7,9
140,189,20,19,21,11,7
136,137,9,23,20,12,3
136,126,15,24,34,5,8
149,188,11,22,21,16,9
156,207,23,18,35,5,7
107,134,18,29,39,15,6
145,182,16,21,22,16,7
184,120,22,29,29,8,9
160,165,9,25,31,10,3
153,155,22,21,43,16,10
153,186,18,24,27,14,6
172,123,16,20,40,10,6
158,207,21,26,41,10,4
177,155,8,22,28,9,10
169,203,12,20,21,19,8
181,188,23,24,30,11,12
189,201,22,23,36,18,9
180,127,15,19,20,5,10
187,163,13,24,37,13,4
157,180,16,21,30,6,9
171,134,18,25,42,8,10
190,204,10,21,24,12,9
192,124,14,26,38,18,12
170,116,14,25,24,18,9
181,173,15,25,39,17,12
164,167,9,19,41,10,4
152,141,9,18,32,6,11
172,141,16,19,40,16,7
103,151,11,20,35,7,5
148,167,7,28,26,15,3
177,181,15,18,33,11,8
121,194,8,25,40,5,9
104,154,18,21,29,12,8
176,144,21,26,37,9,3
131,194,21,16,33,9,8
158,116,17,26,21,13,8
186,199,12,18,24,16,4
111,137,11,19,23,19,8
120,163,17,22,43,12,4
142,200,15,29,40,10,11
104,162,7,17,26,6,12
128,122,18,22,27,10,10
156,131,21,29,39,15,4
179,207,22,23,30,11,6
104,149,24,20,42,5,5
164,206,17,25,24,10,10
177,121,21,23,44,10,6
113,182,7,18,28,19,8
177,190,9,24,39,11,6
102,179,15,16,37,12,3
171,193,16,18,41,17,11
159,184,16,25,35,10,6
182,205,14,28,25,15,12
121,182,17,20,35,5,6
179,197,8,23,28,16,6
168,150,9,22,37,13,7
180,206,16,29,30,19,11
106,159,14,15,32,16,12
141,182,8,20,41,8,10
128,178,9,16,43,7,9
103,122,10,23,43,17,4
150,139,8,22,38,5,8
171,182,8,22,42,5,9
176,189,22,16,22,9,6
179,112,8,20,31,16,6
127,120,10,29,44,14,10
112,130,12,28,44,19,12
124,165,8,21,21,13,10
154,185,22,16,38,17,3
183,194,8,18,21,13,5
193,149,24,27,22,7,10
170,168,14,23,34,12,9
158,146,16,16,38,7,4
129,163,8,16,22,13,3
195,182,12,25,29,12,6
195,200,9,17,31,12,12
181,167,14,21,26,7,10
161,185,23,16,38,7,11
117,181,9,28,28,7,8
138,203,7,28,20,18,7
139,122,21,29,33,13,7
151,113,12,26,26,10,4
113,117,10,25,34,9,4
190,115,14,23,27,9,5
133,196,10,16,27,5,10
134,165,13,22,44,18,11
147,189,20,29,20,12,8
119,127,21,29,34,17,10
167,132,19,28,39,10,5
115,155,18,27,29,11,9
117,204,24,24,27,14,10
145,146,17,21,24,18,9
119,164,17,17,25,5,7
172,163,11,28,29,6,9
161,144,21,19,33,14,10
196,203,21,18,29,17,10
170,158,20,25,38,19,7
102,135,8,26,29,9,5
115,170,9,27,27,7,4
164,115,17,18,38,11,12
153,186,10,16,38,17,3
139,162,9,16,22,17,6
135,132,8,20,41,18,11
196,180,7,22,33,11,10
150,137,14,25,41,6,6
147,194,11,20,41,11,12
126,149,14,21,35,9,8
147,118,15,20,40,15,11
173,203,16,23,44,8,7
153,191,24,22,37,19,9
139,175,11,23,37,13,10
127,158,10,23,40,15,8
176,171,17,15,27,8,7
194,169,8,25,22,17,7
149,127,18,26,27,16,10
195,172,12,24,28,18,9
177,110,21,25,23,15,9
102,161,13,29,20,5,10
103,126,8,20,29,14,4
129,201,18,16,27,13,11
152,169,13,26,22,14,9
150,130,22,22,39,18,12
167,140,23,20,23,11,3
160,204,19,23,24,7,7
188,178,13,24,34,19,9
193,175,24,16,35,18,4
106,154,13,18,32,8,11
173,178,13,29,26,6,10
154,113,11,21,44,11,3
132,177,24,24,25,13,9
124,190,15,21,35,16,6
162,136,8,29,37,5,11
111,127,14,17,27,7,5
124,143,8,28,37,19,12
156,190,18,24,31,11,4
134,116,9,17,32,17,5
102,134,17,19,22,9,11
148,121,17,24,20,16,3
154,188,18,20,27,19,5
141,123,23,26,35,14,9
189,187,11,26,23,12,6
133,197,7,15,34,18,5
104,170,24,23,23,18,6
115,164,10,27,32,15,12
159,134,9,17,44,7,8
161,152,15,27,35,10,4
117,176,17,17,20,10,10
111,196,14,21,34,8,5
159,184,9,16,21,5,9
194,130,19,23,30,14,12
107,204,14,15,42,6,7
178,145,13,18,36,10,6
122,124,10,25,27,19,12
136,204,11,27,20,13,8
151,155,22,17,20,7,12
162,139,21,22,44,15,12
107,134,10,19,35,18,3
144,209,16,23,30,10,12
150,127,9,23,22,7,6
183,114,12,24,39,5,10
167,173,15,19,24,10,9
126,152,15,23,29,6,10
181,181,19,21,36,8,6
171,201,14,27,34,9,8
143,169,8,22,40,5,12
131,205,10,19,37,11,6
177,145,16,23,26,14,3
194,158,22,29,28,6,3
166,121,11,26,40,15,7
192,159,16,20,32,12,7
134,173,20,18,36,19,4
135,113,21,20,30,12,6
151,133,20,23,32,17,7
162,133,20,26,31,13,9
139,166,23,21,32,7,9
108,197,9,21,38,17,6
107,179,15,29,35,19,6
174,161,7,21,39,15,6
145,168,9,18,21,7,10
119,147,18,23,38,17,3
122,130,15,22,34,9,8
157,167,10,19,34,11,8
184,128,10,26,29,9,10
162,201,17,17,24,6,9
131,156,20,25,35,7,6
100,151,24,20,41,15,6
191,110,11,27,44,19,10
111,152,14,15,27,19,5
129,188,11,28,22,13,4
129,155,17,23,26,17,12
123,194,7,28,38,12,5
168,198,10,16,35,15,12
103,209,12,16,40,17,8
157,205,23,28,23,6,4
166,181,24,22,25,5,4
108,121,24,25,34,8,12
127,139,14,17,29,16,9
151,149,17,29,37,10,9
179,132,18,24,38,8,9
144,171,7,17,38,9,3
185,133,21,25,44,6,3
155,140,18,23,36,18,6
157,172,16,20,29,9,5
172,167,21,16,40,16,11
120,194,17,25,29,17,11
123,179,22,16,28,19,8
100,177,10,25,34,13,5
124,178,21,20,28,19,10
134,174,20,17,38,13,7
123,194,23,21,41,18,5
122,115,12,25,37,18,6
108,130,23,21,29,7,9
130,167,14,17,20,14,11
188,154,7,16,30,9,6
114,156,23,28,42,13,12
155,137,13,15,26,6,7
153,143,10,21,40,5,6
136,152,14,21,27,15,4
145,113,9,21,20,5,6
137,198,16,25,25,9,9
190,158,23,23,35,8,6
166,153,9,16,25,14,12
123,129,13,24,28,11,5
111,143,24,19,42,14,4
148,174,10,18,34,12,12
170,204,7,18,38,9,8
198,194,14,23,28,13,10
135,121,7,19,26,16,6
199,134,10,16,42,6,7
160,163,14,22,32,11,8
193,187,15,20,39,7,6
154,195,12,24,24,7,12
164,174,22,23,44,9,10
122,153,23,15,24,18,8
168,156,15,15,28,18,6
180,143,8,22,43,14,12
195,120,8,15,42,16,7
111,118,23,18,36,17,4
103,139,19,19,44,15,4
161,120,9,21,38,14,3
187,111,8,26,36,7,3
107,158,9,26,29,18,3
179,167,17,19,44,5,10
150,178,20,23,44,5,10
137,190,12,27,40,6,10
193,150,20,23,39,6,9
120,116,24,23,28,5,10
178,137,14,28,26,17,10
198,126,9,26,25,16,9
121,160,20,25,35,10,12
111,172,20,17,21,9,5
120,182,15,18,30,18,6
132,115,13,19,39,11,9
165,151,20,29,38,6,3
134,123,24,23,40,7,9
119,164,18,27,37,18,4
120,185,7,26,40,10,9
148,197,9,25,20,5,3
170,189,14,29,43,11,4
162,196,22,24,23,7,6
160,190,21,26,38,19,5
123,202,20,27,32,19,3
172,122,13,20,34,10,6
107,194,16,17,34,7,7
166,131,24,24,41,8,3
149,117,24,29,35,8,11
186,174,8,17,22,11,5
149,190,23,19,42,19,7
169,127,11,17,32,8,3
167,207,16,22,44,8,12
150,133,20,25,41,12,11
131,138,9,28,22,17,7
162,193,23,19,40,10,11
149,158,15,28,38,18,10
184,130,15,16,22,14,11
152,119,8,18,21,16,10
187,135,24,28,26,12,3
184,187,16,22,20,16,9
128,193,8,19,28,19,5
125,177,18,22,28,18,12
188,184,21,17,22,5,10
113,139,8,24,21,16,6
198,145,17,29,21,17,7
197,193,16,21,23,15,10
158,131,16,24,33,14,4
194,113,21,15,23,5,11
172,176,8,22,37,19,11
110,163,17,24,27,16,8
178,170,21,17,39,8,11
160,193,13,17,36,10,4
181,137,23,15,36,16,5
157,123,15,26,30,9,7
117,209,8,21,42,15,6
101,170,17,21,23,10,12
193,196,22,16,21,18,7
187,205,9,25,33,14,10
193,189,15,21,44,15,11
115,198,19,20,42,8,8
189,164,13,25,31,5,9
101,152,24,16,22,12,6
175,204,19,24,24,15,6
170,164,12,24,29,6,9
184,145,19,27,40,9,9
186,122,9,16,39,16,7
171,113,13,22,33,13,3
170,148,15,25,43,6,11
157,193,19,15,22,13,11
160,147,17,20,30,6,3
129,201,23,29,38,6,6
133,177,10,26,23,15,7
106,115,10,24,39,16,12
128,173,12,19,35,18,6
136,157,9,22,23,15,11
142,188,23,22,20,6,7
133,127,8,16,27,14,6
114,192,18,29,22,16,3
166,156,24,16,32,11,11
109,191,16,27,21,9,11
146,207,7,17,39,13,8
160,166,24,17,39,10,10
118,143,8,16,35,19,7
170,139,15,25,22,19,12
104,197,7,17,40,7,11
151,156,15,27,34,10,12
151,147,13,29,36,16,11
132,148,18,17,34,14,11
129,170,21,29,24,10,7
141,183,10,16,24,9,11
127,144,15,20,25,9,9
136,186,13,20,20,17,12
105,121,8,21,32,14,9
169,171,13,25,26,19,8
106,116,13,21,35,19,6
167,206,20,19,35,19,8
143,166,9,28,35,14,10
185,186,18,24,34,9,6
131,147,20,20,38,17,3
158,156,16,21,28,11,11
142,145,19,25,42,9,7
160,161,17,20,39,19,3
178,186,19,23,28,11,5
139,154,16,17,27,7,12
161,118,20,15,23,5,7
199,144,13,27,27,14,10
192,111,12,24,43,12,7
174,166,14,27,44,16,9
107,143,16,25,22,15,11
118,153,23,24,32,10,3
185,149,16,26,30,6,6
145,155,18,20,38,13,8
113,165,7,25,39,19,11
129,183,12,22,40,13,4
100,193,11,29,23,5,5
186,176,11,18,33,16,4
123,184,21,25,36,6,6
112,175,17,29,40,12,5
177,126,14,15,24,17,6
123,178,15,18,43,9,5
132,123,23,19,36,15,10
106,190,11,28,23,17,3
129,147,18,23,41,17,7
177,173,15,24,30,13,7
178,167,21,22,31,9,8
115,178,10,28,32,11,4
124,120,17,27,21,8,6
152,191,24,24,26,14,9
192,136,23,17,43,11,6
151,152,10,17,26,5,3
194,156,21,26,44,18,8
147,195,24,18,26,14,3
135,158,16,24,21,10,8
108,206,23,15,24,11,10
131,190,9,25,38,5,4
188,160,23,15,43,8,3
123,116,22,19,39,14,7
157,169,11,25,31,12,5
159,118,12,26,35,19,12
156,119,12,17,39,8,11
108,201,10,27,31,6,10
150,200,14,15,35,7,6
196,144,10,15,40,10,11
128,151,22,18,25,16,8
106,129,18,15,36,11,7
152,208,22,18,40,15,9
142,170,20,23,42,19,10
127,200,19,28,27,14,7
148,147,7,22,21,12,8
192,206,11,15,27,16,8
163,110,12,27,29,13,12
123,165,7,26,40,10,4
166,138,16,27,24,16,11
174,138,19,27,40,5,7
197,152,7,16,41,11,10
185,145,24,23,41,17,3
199,185,22,22,22,15,7
125,185,10,23,34,10,4
154,194,15,29,28,6,3
185,122,24,23,37,9,10
198,149,7,25,29,14,9
196,191,11,16,27,16,3
170,128,8,22,32,16,12
184,179,14,22,34,10,12
161,185,11,29,20,18,6
126,124,7,24,41,18,5
101,198,23,17,32,10,7
194,139,10,21,25,9,11
121,121,7,19,31,13,5
180,142,10,15,21,11,4
116,122,9,29,27,15,7
117,131,20,16,23,11,3
112,153,22,28,20,14,6
121,135,23,29,28,13,3
106,136,8,15,38,17,4
195,153,10,21,42,12,11
133,207,17,29,35,9,5
108,117,20,24,41,16,10
138,183,12,21,41,19,6
120,116,13,27,25,8,5
160,207,17,27,36,5,11
171,160,13,25,43,15,7
126,158,18,17,28,19,11
168,115,9,29,41,14,5
139,110,23,18,36,6,6
172,164,11,21,44,13,7
101,205,22,24,38,6,7
163,110,7,22,21,8,7
155,151,16,16,42,17,11
117,194,19,28,28,14,5
161,162,19,16,33,16,8
167,174,17,25,22,17,8
116,191,18,15,44,12,11
120,158,23,23,30,6,9
113,158,20,28,33,11,12
107,123,24,15,35,10,11
140,202,9,17,29,19,9
116,131,12,28,25,16,11
186,182,14,23,28,10,11
149,158,22,27,29,13,8
191,155,22,29,27,5,8
145,201,19,24,40,11,11
146,146,14,26,30,6,5
167,136,24,26,24,14,10
110,150,24,20,35,15,5
115,207,18,25,43,7,5
166,177,10,28,43,12,11
194,199,8,29,37,8,11
104,132,13,22,23,8,10
184,195,11,19,23,17,3
110,189,15,29,28,10,10
118,131,24,16,28,5,12
161,120,16,21,30,13,12
159,132,21,24,39,16,7
153,208,22,29,33,10,6
180,185,12,26,24,12,9
173,194,19,24,20,14,8
170,120,7,25,43,10,4
165,141,16,19,37,17,6
146,187,13,25,44,18,4
176,177,17,16,43,19,7
116,137,14,16,26,9,5
186,172,14,17,44,5,5
186,166,18,20,31,19,8
155,121,24,18,40,17,8
142,127,16,21,34,17,10
102,144,17,15,43,18,10
189,128,16,20,22,10,6
193,183,13,29,44,18,5
140,135,24,24,38,12,8
137,184,8,18,36,18,12
140,202,14,18,44,15,3
100,162,12,29,37,7,4
150,151,21,20,35,17,5
169,188,12,26,25,12,6
129,136,20,18,44,14,8
188,180,16,15,27,7,6
170,160,16,29,44,12,4
190,144,8,23,36,12,6
177,138,20,25,29,15,3
198,123,11,16,32,8,6
194,158,24,28,36,5,5
180,123,20,23,41,8,5
111,149,19,27,29,15,6
197,119,14,29,43,12,6
125,123,17,20,41,17,7
110,183,22,17,30,12,3
109,159,10,17,36,17,8
193,195,15,19,34,8,11
168,126,21,16,41,18,3
169,160,7,24,28,14,5
175,203,13,22,22,10,12
104,121,15,20,22,14,12
150,199,21,18,28,8,3
130,181,10,29,40,14,12
150,178,22,29,43,8,3
121,180,17,17,36,7,10
194,143,21,25,38,14,6
124,188,7,16,36,8,11
132,143,15,19,35,19,8
142,124,15,27,26,11,11
190,110,16,18,21,13,12
101,129,21,27,43,7,7
131,127,20,16,42,12,4
143,148,20,16,25,9,9
140,117,15,25,42,19,8
197,187,20,29,43,8,4
150,157,10,28,39,15,3
188,154,19,20,44,11,5
132,129,20,22,20,7,12
149,175,22,18,24,14,12
132,180,16,25,28,11,8
192,144,14,25,37,19,8
182,208,16,20,44,9,12
109,204,20,20,23,13,12
184,173,7,19,23,10,6
164,128,9,16,23,5,12
128,136,14,22,26,5,6
199,178,18,22,27,11,4
136,117,8,29,33,12,4
150,203,7,19,33,15,6
115,184,16,29,21,14,9
162,184,14,18,22,15,6
103,209,21,18,28,5,7
163,176,8,24,39,7,12
124,169,9,15,43,8,4
102,119,16,29,29,9,7
189,177,13,17,20,17,9
147,114,15,21,37,13,10
129,200,13,19,31,11,10
160,189,21,27,30,13,11
144,194,22,27,22,8,7
172,120,20,28,32,16,3
182,203,12,23,30,12,12
119,128,12,16,34,17,8
140,130,16,23,28,12,10
118,140,10,17,42,8,5
192,113,19,20,37,11,4
152,132,24,28,21,10,6
170,116,8,17,35,18,6
161,132,20,29,38,13,4
180,172,10,16,23,10,9
169,205,16,29,24,6,12
122,172,23,29,27,13,10
188,161,19,25,36,10,5
174,122,19,27,30,8,7
161,202,17,24,27,15,8
183,157,14,25,43,12,10
197,133,18,17,30,10,7
171,140,23,24,34,10,5
110,123,12,22,33,12,6
184,189,9,26,20,15,6
184,122,7,28,44,8,11
116,205,10,26,37,15,7
179,202,8,22,39,14,9
109,145,23,29,31,12,10
163,145,15,21,29,18,6
198,189,13,17,34,17,7
197,111,14,26,21,15,8
162,182,8,25,27,10,9
128,199,18,15,36,13,7
166,174,16,20,36,6,4
188,173,19,26,21,11,8
114,113,11,28,40,17,12
189,191,11,18,29,15,7
107,182,10,18,20,10,5
120,117,13,24,33,10,12
156,151,19,26,21,9,7
164,179,8,24,34,7,5
130,131,13,21,33,9,4
125,137,21,29,23,7,4
173,121,24,16,21,16,10
157,206,11,22,32,16,8
111,183,12,25,37,9,3
123,185,24,22,24,12,5
136,203,17,15,30,16,8
150,121,19,23,29,8,6
120,131,17,19,21,11,5
129,159,15,18,30,10,6
165,135,15,17,43,7,10
184,205,23,16,44,14,5
106,191,21,19,26,18,7
126,174,17,21,42,14,10
149,130,21,25,27,15,12
100,139,23,27,25,14,9
119,203,11,25,41,10,6
195,181,15,23,41,17,9
137,170,16,17,32,16,9
154,197,19,19,33,9,4
106,197,17,21,39,10,7
132,209,15,26,22,17,8
103,186,16,23,37,5,5
176,129,18,18,23,6,5
144,121,7,20,39,7,4
193,177,21,27,27,10,12
197,194,11,24,23,9,11
178,168,19,18,38,8,3
106,186,15,16,44,11,6
183,122,10,27,26,7,9
169,170,9,26,24,8,9
133,171,14,17,44,15,7
178,204,8,25,38,15,8
198,152,24,20,26,8,11
146,195,19,24,25,17,12
168,203,20,29,24,16,7
194,140,9,17,29,15,9
161,182,9,27,36,5,7
149,205,7,22,31,12,12
146,145,11,20,30,17,3
136,185,10,20,25,9,3
131,116,22,21,27,15,8
147,205,13,29,22,6,11
173,112,23,26,22,17,10
181,116,18,22,41,5,11
143,180,22,16,21,16,4
128,151,22,20,38,19,7
107,166,7,29,21,6,7
114,173,15,15,31,13,4
180,146,11,23,23,18,11
195,125,10,21,25,6,4
179,182,8,24,23,11,12
106,192,11,21,20,15,11
140,136,8,18,39,6,11
192,176,19,22,44,18,10
114,172,15,22,29,13,12
100,115,10,19,32,10,9
137,149,13,20,34,15,5
186,143,18,20,38,16,9
170,182,7,22,22,19,6
160,114,11,16,21,10,8
137,127,20,20,42,11,4
105,149,11,26,29,10,4
181,135,17,27,23,7,8
160,188,19,24,25,6,3
197,132,22,23,26,13,9
137,140,15,23,39,13,4
119,179,9,25,23,19,6
114,158,24,22,30,11,5
171,146,15,26,31,18,3
195,145,20,15,20,10,12
104,133,18,21,42,11,12
134,129,7,22,32,14,3
107,196,17,23,42,7,7
126,132,18,22,28,15,5
166,181,12,17,28,6,6
186,115,13,24,38,6,9
168,154,12,15,34,15,5
146,113,10,19,33,19,3
168,141,17,16,28,10,6
191,168,13,28,33,7,12
159,110,22,16,21,14,6
152,115,22,23,23,14,6
144,139,7,22,38,7,9
136,165,16,19,40,12,6
191,192,13,24,33,13,6
124,181,8,23,35,5,8
187,190,24,24,35,19,12
187,196,21,16,31,14,8
142,204,17,16,42,17,6
155,147,11,16,21,5,3
153,168,8,27,29,9,8
102,134,22,20,34,13,8
160,164,16,20,42,7,8
100,160,15,24,38,10,7
189,114,18,28,20,19,9
123,181,16,19,23,9,12
134,171,23,17,31,15,4
128,191,21,15,23,19,9
112,120,10,25,44,11,7
108,130,11,24,42,17,8
151,139,15,20,23,8,9
172,126,12,18,34,5,12
173,133,19,15,42,6,8
134,129,20,17,38,17,11
126,191,17,21,43,14,12
165,122,21,23,34,14,8
135,119,16,23,37,8,5
127,176,8,22,44,14,7
142,123,12,16,20,10,5
113,207,21,20,20,11,9
125,142,8,19,33,17,8
158,172,14,15,24,5,6
152,189,19,20,39,10,7
166,135,16,20,32,15,4
119,193,8,29,34,16,9
177,144,11,22,25,6,11
146,188,24,20,20,12,12
120,156,11,20,20,5,11
101,140,24,16,43,6,6
151,175,23,29,26,13,5
143,153,11,25,33,7,12
146,118,14,15,25,13,12
186,173,24,17,43,15,4
146,164,11,18,25,12,6
118,176,10,20,22,13,3
100,120,24,26,40,19,10
142,180,8,24,37,5,4
122,162,16,25,30,11,12
198,161,9,16,36,15,10
114,209,18,28,39,19,7
145,136,24,19,22,18,10
115,137,18,15,24,6,7
135,117,18,23,30,10,11
181,125,9,28,43,11,5
100,125,16,19,25,11,10
199,203,12,27,28,19,8
117,122,12,17,32,13,6
183,120,19,22,40,8,8
109,186,7,27,43,13,6
137,183,22,24,29,6,11
164,113,16,27,28,14,7
180,164,12,22,23,18,9
134,203,16,25,37,18,11
133,209,23,20,20,19,5
181,113,21,26,34,17,5
172,129,13,18,38,8,12
164,145,24,20,39,7,8
134,165,11,23,21,10,7
120,146,8,24,32,6,9
104,153,13,20,20,19,3
143,200,7,20,37,6,11
184,152,9,28,35,7,4
155,163,7,17,37,12,11
199,179,10,18,33,9,4
177,144,12,16,44,10,10
157,112,10,23,35,12,12
191,120,24,25,24,11,8
139,171,10,22,42,6,4
129,181,12,29,31,8,10
115,129,8,17,37,14,9
177,145,15,27,40,12,8
105,123,14,29,33,18,9
114,185,12,15,39,8,5
110,153,11,21,28,7,5
183,200,10,27,23,15,11
163,114,23,15,31,10,5
125,207,18,20,30,13,11
141,207,20,26,26,10,8
142,145,19,28,31,9,11
198,136,21,22,24,6,9
197,142,16,29,32,9,7
190,134,16,20,36,12,4
122,165,18,21,24,7,6
138,133,21,26,23,15,4
177,137,15,23,38,9,9
134,162,23,19,30,11,4
122,199,22,26,24,12,8
128,142,9,16,27,16,10
170,150,11,19,33,9,3
161,139,7,21,21,7,7
179,112,18,26,31,16,11
110,171,10,20,32,8,7
121,146,19,25,22,17,4
145,198,24,23,36,10,6
173,183,7,15,41,15,3
119,147,14,20,21,7,12
180,112,20,24,41,11,12
147,201,15,28,34,12,8
192,187,8,20,43,10,10
191,148,15,29,24,9,10
125,139,16,16,29,8,12
155,154,17,29,39,17,11
136,156,16,23,32,13,4
194,169,21,19,34,5,4
113,169,23,23,40,11,11
113,142,7,23,33,13,6
129,138,11,15,28,13,4
169,137,12,26,30,16,8
141,128,19,15,41,19,9
192,140,9,29,21,9,11
159,203,14,29,40,8,9
104,116,8,27,27,14,5
131,207,9,21,40,10,9
180,114,20,24,23,9,11
126,154,10,16,41,5,12
142,121,14,22,30,16,6
184,119,15,25,31,10,8
128,202,14,15,37,15,5
177,204,9,26,27,12,4
154,150,13,20,42,12,9
104,170,22,26,21,16,9
132,127,14,22,36,5,5
178,136,14,18,28,16,12
112,168,22,16,24,17,11
153,127,18,26,38,9,6
159,111,7,28,35,9,10
101,133,23,28,38,7,11
168,126,11,26,40,16,5
117,205,14,18,20,7,4
150,135,21,23,22,10,5
133,194,9,17,27,7,11
120,156,21,22,34,5,12
124,155,7,20,22,17,4
128,179,11,28,34,8,10
153,202,24,16,40,9,9
177,156,13,15,38,6,3
173,205,22,20,29,9,6
168,204,20,23,24,15,11
175,178,10,15,43,16,7
160,120,11,25,21,14,11
155,113,23,15,31,12,6
149,156,22,21,28,14,12
185,177,23,28,44,16,8
120,179,22,22,32,19,6
122,204,18,15,34,13,9
118,200,22,18,34,7,6
192,157,10,17,38,5,8
172,143,18,20,25,18,10
115,201,14,25,27,17,5
166,115,22,22,32,12,4
183,139,7,25,21,8,3
182,161,24,27,37,16,7
114,133,15,21,29,8,5
125,120,17,28,37,9,8
115,113,16,25,36,10,9
182,141,11,27,43,10,8
100,125,12,19,39,12,4
142,147,10,29,27,9,12
173,125,14,17,37,6,6
154,175,10,22,38,6,10
159,155,18,15,25,10,12
198,194,16,16,21,9,11
121,172,10,29,42,6,6
176,192,12,22,22,7,6
168,117,15,23,35,11,10
148,163,24,23,40,6,7
179,164,12,26,21,19,7
128,153,11,18,27,15,11
154,126,15,21,44,11,6
151,155,7,19,37,17,4
153,207,20,29,37,13,5
121,200,19,16,21,5,4
163,149,23,16,25,11,8
119,202,8,29,44,7,9
136,147,24,27,41,6,10
127,189,10,23,33,14,12
132,181,15,19,40,15,6
164,125,17,20,41,7,12
179,121,23,16,28,6,5
156,143,22,24,23,8,12
168,131,8,28,30,9,8
160,208,16,24,23,19,6
141,193,19,28,28,5,10
132,166,21,24,22,5,8
128,194,18,19,34,17,8
154,128,17,15,30,17,6
118,140,9,21,39,8,11
131,165,19,21,25,17,9
107,207,24,24,39,7,11
142,131,13,29,34,9,9
148,168,8,15,23,16,5
192,150,16,16,44,19,3
138,150,7,23,28,11,8
110,162,16,19,39,16,11
123,160,17,24,30,7,10
103,180,13,23,20,12,7
139,175,22,26,26,16,12
173,120,8,29,39,13,6
199,156,19,27,25,7,12
157,129,11,29,41,7,9
174,123,18,21,30,17,4
132,144,10,25,35,10,6
111,117,13,25,22,12,4
146,209,15,19,34,5,10
135,162,19,22,29,14,3
144,172,24,16,31,15,5
127,134,10,23,26,12,6
195,188,19,26,43,7,4
172,206,13,20,23,7,8
185,139,15,29,37,18,7
128,207,14,17,28,10,12
130,142,14,25,38,17,5
139,144,11,18,34,10,4
177,128,22,22,35,18,12
179,178,11,23,37,8,6
184,141,23,21,33,5,3
132,169,16,25,42,12,4
183,176,20,25,44,12,12
151,120,14,22,27,15,6
137,172,19,15,42,18,4
118,140,18,16,22,14,7
188,167,21,29,30,6,10
138,166,18,29,24,8,7
125,188,9,15,38,14,4
151,113,21,26,41,8,6
155,155,14,26,35,13,11
121,146,19,24,22,17,11
151,172,11,24,42,8,11
116,132,10,17,20,7,11
174,180,11,24,27,5,12
149,189,11,19,26,16,4
134,139,22,26,24,6,12
184,133,12,21,33,5,3
104,171,20,19,25,7,12
102,165,15,18,37,15,11
117,205,8,18,42,18,9
122,187,19,21,22,19,9
101,189,23,24,20,17,4
175,124,8,26,24,11,8
137,147,10,27,41,11,8
198,174,20,25,41,12,11
156,175,14,21,42,11,12
188,136,7,17,28,11,10
150,153,11,22,36,6,8
183,203,16,15,39,8,5
168,153,20,21,41,10,10
109,147,8,24,36,18,9
133,159,11,23,24,9,8
195,135,17,17,34,6,10
101,162,17,28,39,8,8
117,135,8,18,41,5,7
105,142,10,21,42,8,10
115,209,15,29,23,11,11
160,200,19,23,25,17,11
188,161,17,21,35,14,11
152,138,9,28,22,19,3
196,130,9,22,37,16,5
104,120,19,20,37,19,4
136,120,10,28,29,15,3
103,132,18,18,24,9,7
102,137,19,27,27,19,3
189,134,22,24,30,13,7
175,127,12,15,38,15,10
139,139,12,25,43,6,6
168,119,20,20,41,19,12
163,183,7,28,41,15,4
139,122,7,19,28,11,9
175,155,7,24,43,7,4
189,150,17,21,20,9,7
137,151,24,29,40,11,3
102,137,18,29,25,5,3
120,205,11,27,37,9,6
117,158,20,17,33,16,11
169,164,11,16,40,15,7
139,137,15,27,31,18,9
181,118,10,18,39,5,9
175,208,19,18,33,15,11
120,207,9,19,28,8,4
193,137,7,21,23,8,12
106,127,8,23,41,10,6
163,142,21,28,44,18,12
123,135,14,20,42,16,3
126,165,13,27,21,18,11
103,167,19,22,39,18,12
194,135,18,18,33,14,5
111,133,18,19,27,14,5
130,113,13,29,35,8,7
182,165,22,26,21,7,10
185,189,8,27,41,17,4
137,171,14,21,27,18,11
139,193,23,19,43,18,12
150,166,16,18,21,6,11
132,183,21,25,43,18,9
195,202,11,19,39,7,9
122,183,15,28,32,10,5
155,161,13,24,29,9,6
150,116,9,21,33,5,12
109,199,15,29,44,12,7
114,185,12,18,33,16,9
146,120,14,28,23,16,12
124,209,15,21,23,15,8
106,159,10,23,42,16,12
197,191,20,27,26,6,10
193,115,24,19,40,6,6
119,123,18,19,42,11,9
194,155,12,18,40,10,6
112,146,13,27,22,10,6
113,140,16,15,31,15,8
100,140,8,27,24,12,5
127,160,22,25,39,17,6
107,168,17,27,33,14,6
133,169,8,24,38,17,5
193,162,9,19,44,15,8
136,183,10,20,41,6,10
195,205,14,21,27,10,3
142,182,20,16,32,9,4
155,157,24,28,41,8,10
172,112,8,23,41,12,9
105,148,12,19,40,18,11
181,198,8,24,44,6,11